UserScreenName,UserName,Timestamp,Text,Comments,Likes,Retweets,,,Row Labels,Count of Timestamp
Saket Jha,@mightyjhayoung,15-01-2021,"no one:

me after getting lost at D-mart:",1,,8,,,Jan,32
ğ•¯ğ–—. ğ•¬ğ–†ğ–™ğ–’ğ–†ğ–“ğ–ğ–—ğ–‡ğ–ğ–†ğ–— ğ•­ğ–†ğ–™ğ–’ğ–†ğ–“,@Your_Levodopa,15-01-2021,"One notorious case of teenage pregnancy. It was quite a scandal. 

Another less serious case was the day before the school picnic an idiot from my std (not class) tried to shoplift at a D-Mart. They were immediately caught and in the chaos the guards beat them up.",1,,7,,,Feb,42
bankÂ·aÂ·ble,@mbuguanjihia,15-01-2021,"India's largest retailer is Reliance Retail. At a revenue of â‚¹1,30,566cr ($17.9B) & 10,900 stores. Second-largest retailer is TASMAC. At a revenue of â‚¹31,157cr ($4.3B) & 7000+ outlets, it comes a distant second but ahead of D-Mart which is at â‚¹24,930cr ($3.5B) #Simplanations",,2,3,,,Mar,51
wow someone actually,@lifeofshakes,15-01-2021,"What if D-Mart started an electronics store.?
A:  It would be called E-Mart",,,1,,,Apr,81
Prakash,@Prakash29968182,15-01-2021,"India's second-largest retailer is TASMAC. At a revenue of â‚¹31,157cr ($4.3B) and 7000+ outlets, it comes a distant second to Reliance Retail. And ahead of D-Mart which is at â‚¹24,930cr ($3.5B).
What's interesting though is it retails in only one state in India - Tamil Nadu.",1,1,,,,Grand Total,206
Nachiket Kale,@nachito_k,16-01-2021,the scenes if D-Mart shareholders start doing this in India ! ,,,3,,,,
Daga Infratech,@Dagainfratech,16-01-2021,"Set your business up for success. Our mixed use commercial plaza opposite D-Mart on Camp Road is just the ticket. #Amravati

Bookings filling fast. To know more, call 7798 822 778. #DagaPlazzo",1,,1,,,,
My Vadodara,@MyVadodara,17-01-2021,Car jumped on Divider near Makarpura D-mart. #vadodara #RoadSafety,,2,27,,,,
duke nukem of fantastech,@elttstoredotcom,17-01-2021,"Tech Tip:
Don't buy tech from D-Mart",1,,25,,,,
Water for voiceless,@water4voiceless,18-01-2021,"Due to this pandemic, we had a break, 2021 free water bowl distribution began with a blast at Nelamangala police station and at D-Mart by the founder to strive on the streets for more thirsty buddies. 
We will do our utmost this year.

#blgpolice #strayanimals #saveanimals",1,,1,,,,
"@$ai teja
(''P'' Group)",@$ai teja,18-01-2021,"Top 10 #Portfolio Stocks for Next 10yrs...

Expecting a 5-10Baggers....

Add on Dips/S.I.P
 Infosys
 Tata Elxsi
 D-Mart
 Nesco
 IRCTC
 Dixon Tech
 GMM Pfaudler
 MRF
 Amar Raja Batteries
 Maruti

""panem Group""",4,5,10,,,,
Enlightened Investor,@EnlightenedI07,19-01-2021,"Amul, Please list your company. 
 Few days back when i went D-Mart.. Seeing your products and sales same thought came in my mind.",,,1,,,,
City Headlines News,@cityheadlines17,19-01-2021,"D-Mart Ki Lift Mei Fanse Log, Fire Brigade Ka Rescue Operation

https://youtube.com/watch?v=heyLDPsOiWY&t=1sâ€¦
@MiraBhayanderKr
 @Mirabhytweets
 @MiraBhyUpdates
 @MiraRoadNews1",,2,2,,,,
Lil Paracetamol,@ShamsHanfe,20-01-2021,D-Mart please,,,3,,,,
Durwas Rane,@durwwas,20-01-2021,"Hey 
@MumbaiPolice
 Everyday traffic huge jam is caused near D-Mart Malad  As Rickshaw drivers are waiting there in search of customers. The road is already narrow due to ongoing Metro work and there is hardly any way to move ahead. 
@AslamShaikh_MLA
 @MumMetro",,,2,,,,
Karan Bhatt,@karanbhatt_,20-01-2021,"India's second-largest retailer is TASMAC. At a revenue of â‚¹31,157cr ($4.3B) and 7000+ outlets, it comes a distant second to Reliance Retail. And ahead of D-Mart which is at â‚¹24,930cr ($3.5B).

What's interesting though is it retails in only one state in India - Tamil Nadu.",2,,1,,,,
TSSPDCL,@TsspdclCorporat,20-01-2021,"Dear Consumers,
There is an interruption in supply to 11KV D-Mart feeder area from 33/11KV Lodha sub station. Tree trimming work is under progress, Supply will be restored by 2:00pm.",,,,,,,
"à°•à°¡à°ª à°•à±à°°à±à°°à°¾à°¡à±
...!!",@kanthTarakian,26-01-2021,"D-Mart ki enduku potaru ra 
Nenitey valla kosam velta....
#KomaramBheemNTR",3,1,7,,,,
istanbulunsesi.net,@istaanbulunsesi,26-01-2021,Asya Åampiyonlar ligi ve AFC Cup kura Ã§ekimi Ã¶zel programÄ± Ã‡arÅŸamba sabah 9â€™dan itibaren canlÄ± yayÄ±nla D-MARTâ€™ta,,,,,,,
HaberVer.me,@HaberVerme,26-01-2021,"Asya Åampiyonlar ligi ve AFC Cup kura Ã§ekimi Ã¶zel programÄ± Ã‡arÅŸamba sabah 9'dan itibaren canlÄ± yayÄ±nla D-MART'ta Haberi
#asy...",,,,,,,
Sankalp Group Jaipur,@sankalp_builder,27-01-2021,"TheRise by Sankalp Group at HaldiGhati Gate, Main Tonk Road, Adjoining D-MART, Jaipur

http://sankalpbuilders.com",,,,,,,
The Seattliteâ•° â˜† â•®â™š,@NibhaInSeattle,27-01-2021,"Watched #Scam1992. I think #HarshadMehta was the Elon Musk of Stock Market. 
Notice $GME & his tweets
He would have been one of the richest guys of India, undoubtedly.
How r the D-Mart guy &others not getting same treatment as him?Watched an Indian show after a while. Amazing ",,,1,,,,
Hublicity-eGroup,@HubliCityeGroup,28-01-2021,"Finally I see D-Mart , some one was asking why not in Hubli",,,35,,,,
Raja Housing Ltd.,@rajahousingblr,28-01-2021,"Book Your Dream  2 & 4 BHK @ near D-Mart , Mathuru Layout , Yelahanka New town .Bangalore
For More Details Contact :9590 779 922 https://rajahousingltd.com/projects/2bhk-sale-near-yelahankaâ€¦ 
#rajahousingltd,#rajamelrose,#Yelahanka,#bangalore",,,,,,,
ğ•½ğ–†ğ–›ğ– Meena,@nravi_007,28-01-2021,"à¤•à¤¿à¤¸à¤¾à¤¨à¥‹à¤‚  à¤•à¤¾ à¤¬à¤¹à¤¿à¤·à¥à¤•à¤¾à¤° à¤•à¤°à¤¨à¥‡ à¤µà¤¾à¤²à¥‹ #à¤…à¤‚à¤¡à¤¼à¤­à¤•à¥à¤¤à¥‹
à¤…à¤¨à¤¾à¤œ à¤•à¤¿à¤¸à¥€ D-mart/ à¤¯à¤¾ à¤«à¥ˆà¤•à¥à¤Ÿà¥à¤°à¥€ à¤®à¥‡à¤‚ à¤¨à¤¹à¥€ à¤‰à¤—à¤¤à¤¾....
 à¤¬à¤¡à¤¼à¥€ à¤®à¥‡à¤¹à¤¨à¤¤ à¤²à¤—à¤¤à¥€ à¤¹à¥ˆ à¤‡à¤¸ à¤•à¤¿à¤¸à¤¾à¤¨ à¤•à¥€ à¤…à¤¨à¤¾à¤œ à¤‰à¤—à¤¾à¤¨à¥‡ à¤®à¥‡à¤‚
#à¤—à¥‹à¤¦à¥€_à¤®à¥€à¤¡à¤¿à¤¯à¤¾_à¤®à¥à¤°à¥à¤¦à¤¾à¤¬à¤¾à¤¦
#à¤°à¤¾à¤•à¥‡à¤¶_à¤Ÿà¤¿à¤•à¥ˆà¤¤_à¤•à¤¿à¤¸à¤¾à¤¨à¥‹_à¤•à¥€_à¤†à¤µà¤¾à¤œ_à¤¹à¥ˆ",,2,3,,,,
Riddhi,@rarest_species,29-01-2021,"Our grocery shopping:
Replace shoes with chappal 
Background= D-mart 
Ese 3 thele ..usme bhi chain bandh na ho itna saaman",4,1,13,,,,
Gate City Podcast,@GateCityPod,29-01-2021,"Episode 1 of the Gate City Podcast is live! Our debut guest is future 
@NCATAGGIES
 hall of famer 
, Mr Ti$A hat, Damon Martin. D-Mart shares some of his memories from A&T and his go to spots when heâ€™s back in the 
@greensborocity
. Lets goo! 

https://podcasts.apple.com/us/podcast/ep-1-ft-damon-martin-im-proud-of-you-guys/id1548040495?i=1000504748671â€¦",1,1,2,,,,
à®…à®©à¯à®ªà¯à®•à¯à®•à®°à®šà®©à¯,@Anbukarasanc,29-01-2021,"*DO YOU KNOW???*

*India's Second-Largest Retailer is TASMAC.*

 At a revenue of â‚¹31,157cr ($4.3B) and 7000+ outlets, it comes a distant second to Reliance Retail. And ahead of D-Mart which is at â‚¹24,930cr ($3.5B).
                                     (1/3)",1,1,1,,,,
PEACE,@Breakouts14,29-01-2021,"The day u see products of 
@ITCCorpCom
  in D-mart u need to get bullish on",,,,,,,
Dilip Rangwani,@ItsRDil,29-01-2021,"à¤ªà¤¾à¤ªà¤¾ à¤²à¥‹à¤— à¤­à¥€ à¤•à¤­à¥€-à¤•à¤­à¥€ unexpected à¤šà¥€à¤œà¥‡à¤‚ à¤•à¤°à¤¤à¥‡ à¤¹à¥ˆà¤‚ 
 à¤†à¤œ D-mart à¤¸à¥‡ à¤¶à¥‰à¤ªà¤¿à¤‚à¤— à¤•à¤°à¤¤à¥‡ à¤µà¤•à¥à¤¤...à¤¬à¤¿à¤•à¤¾à¤œà¥€ à¤­à¥à¤œà¤¿à¤¯à¤¾ à¤¦à¥‡à¤–à¤¾ à¤”à¤° à¤µà¤¹à¤¾à¤ à¤–à¤¡à¤¼à¥‡ à¤‰à¤¨à¤•à¥‡ executive à¤¸à¥‡ à¤ªà¥‚à¤›à¤¾, â€œ à¤¯à¥‡ à¤¤à¥‹ à¤Ÿà¥‡à¤¸à¥à¤Ÿ à¤®à¥ˆà¤š à¤¹à¥ˆ à¤¨, à¤µà¤¨ à¤¡à¥‡ à¤•à¤¹à¤¾à¤ à¤¹à¥ˆà¤‚ ? 

à¤‰à¤¸à¤¨à¥‡ à¤ªà¥‚à¤›à¤¾ :- à¤¸à¤° à¤•à¥à¤¯à¤¾ ? à¤®à¥ˆà¤‚ à¤¸à¤®à¤à¤¾ à¤¨à¤¹à¥€à¤‚
à¤ªà¤¾à¤ªà¤¾ :- à¤…à¤°à¥‡ à¤­à¤¾à¤ˆ à¤¯à¥‡ 1kg à¤¹à¥ˆ à¤¨, 500g à¤ªà¥‚à¤› à¤°à¤¹à¤¾ à¤¥à¤¾ 
 @SrBachchan",5,2,15,,,,
Harshad Madhu,@harshad_madhu,30-01-2021,"àª•à«‡àªŸàª²àª¾àª• àª¨à«‡ àª¦à«àª–àª¤à«àª‚ àª¹à«‹àª¯ àªªà«‡àªŸ àªªàª£ àª àªªà«‹àª¤àª¾àª¨à«àª‚ àª®àª¾àª¥à«àª‚ àª«à«‚àªŸàª¤àª¾ àª¹à«‹àª¯..

àªœà«‡àª®àª•à«‡, àªœà«‹àª°àª¨à«€ àª àª‚àª¡à«€àª®àª¾àª‚ àª¨àª¹àª¾àªµàª¾àª¨à«€ àª¹àª¿àª‚àª®àª¤ àª¨àª¾ àª¥àª¾àª¯ àª¤à«àª¯àª¾àª°à«‡ àª•àª¹à«‡ ""D-Mart àª®àª¾àª‚àª¥à«€ àª²àª¾àªµà«‡àª²àª¾ Lux àª¸àª¾àª¬à«àª¥à«€ àª®àª¾àª°à«‡ àª¨àª¥à«€ àª¨à«àª¹àª¾àªµà«àª‚ àªœàª¾àª“.."" àª†àªµà«àª‚ àª•àª¹à«€àª¨à«‡ àª†àª–à«‹ àª¦àª¿àªµàª¸ àª¨à«àª¹àª¾àª¯ àª¨àª¹àª¿, àª­à«ˆ'àª¸àª¾àª¬...!
(àª¤àª¾àª°à«€ àª­àª²à«€ àª¥àª¾àª¯ àªšàª®àª¨àª¾, Lux àª¸àª¾àª¬à« àª¬àª§à«‡ àªàª•àªœà«‡àªµàª¾ àªœ àª¹à«‹àª¯àª¨à«‡)
#àª¹àª¸_àª²à«‹",1,,8,,,,
"rakshithpai.com
.",@Iam_MrPai,31-01-2021,"D-Mart is a mix of Wallmart (In terms of business) and Berkshire Hathaway (In terms of management)

I believe in the company. And, investing for long term (15+ years).

Just note that you premium. But, see that the premium isn't much.",,,,,,,
Sana Qureshi,@sa1_na1,03-02-2021,"à¤¯à¥‡ à¤²à¤¡à¤¼à¤¾à¤ˆ #MSP vs #MRP à¤•à¥€ à¤¹à¥ˆ 
à¤à¤• D-mart à¤®à¥‡à¤‚ à¤®à¤•à¥à¤•à¤¾ (à¤­à¥à¤Ÿà¥à¤Ÿà¤¾) #MRP 45â‚¹ à¤¹à¥ˆ à¤œà¥‹ à¤•à¤¿à¤¸à¤¾à¤¨ à¤‡à¤¸à¥‡ à¤°à¤¾à¤¤ à¤¦à¤¿à¤¨ à¤®à¥‡à¤¹à¤¨à¤¤ à¤•à¤° à¤•à¥‡ à¤‰à¤—à¤¾à¤¤à¤¾ à¤¹à¥ˆ à¤‰à¤¸à¤•à¥€ à¤«à¤¸à¤² à¤ªà¤° #MSP à¤¨à¤¾ à¤¹à¥‹à¤¨à¥‡ à¤•à¥‡ à¤•à¤¾à¤°à¤£ à¤‡à¤¸à¤•à¤¾ 1â‚¹ à¤­à¥€ à¤¨à¤¹à¥€à¤‚ à¤®à¤¿à¤² à¤ªà¤¾à¤¤à¤¾ à¤¤à¥‹ #à¤•à¤¿à¤¸à¤¾à¤¨ à¤…à¤ªà¤¨à¤¾ à¤¹à¤• à¤®à¤¾à¤‚à¤— à¤°à¤¹à¤¾ à¤¹à¥ˆ #à¤–à¥ˆà¤°à¤¾à¤¤ à¤¨à¤¹à¥€à¤‚.....
#FarmersProtest",,1,2,,,,
D-Mart,@DMartSupport,04-02-2021,"We are very strict when it comes to safety of our shoppers. The mask being sold must be of good quality and worth Rs 50. If not, Kindly, share the image and details. We advise you not to enter D-Mart store without masks, and cooperate with our staff.",3,,1,,,,
Dheeraj chaudhari,@Dheeerrrr,05-02-2021,Going for grocery shopping to D-mart is so therapeutic.,,1,7,,,,
AP Skill Development,@AP_Skill,05-02-2021,"#Press Clippings on Recruitment Drive to be Conducted in D-Mart, #Vijayawada",,3,12,,,,
Dine-in Stories,@dineinstories,05-02-2021,"1/4: Restaurant/Outlet Name : Arabian Nights

Address : Sector 5, Next to Neel Vardhaman Society, Behind D-mart, New Panvel - 410206

Launch date : 9th January 2021

Best sellers on the menu : Shawarma, Burger and Mojito",1,3,5,,,,
Almond,@PrimeLocatio_n,05-02-2021,"D-Mart's Radhakishan Damani to acquire 8-acre Thane plot from Mondelez https://realty.economictimes.indiatimes.com/news/industry/d-marts-radhakishan-damani-to-acquire-8-acre-thane-plot-from-mondelez/80108551â€¦ via 
@Realty_Et",,,1,,,,
Harshini (Maaya),@Aaromalearvindh,06-02-2021,Discussing frozen chapathi in d-mart was a thing. Feb 4 2021,,,,,,,
Nihit Parikh,@maskabun_chai,06-02-2021,"My parents love D-mart so much that sometimes I think they'll leave me for a 40% discount on all FMCG products.
#consumermarkets #fmcg #dmart #parents #discounts",1,1,1,,,,
Dhruv Sridhar,@dhruvsridhar,07-02-2021,Saw this in D-Mart and instinctively started singing.,,1,5,,,,
Nandiniâ·,@NandiniBts,08-02-2021,"Why not in big bazar, more , d-mart, or any other fcuking mall in indiaaaaaa !!??",,,,,,,
Pramodkumar Patil,@pramopatil29,09-02-2021,"Fact of the day - The great banyan tree of Kolkata is so massive (156,000 sq. feet) that it is over 3 times bigger than an average D-Mart store (46,000 sq. feet).",,,2,,,,
G.jogar,@g_jogar,09-02-2021,"Fact of the day
The great banyan tree of Kolkata is so massive (156,000 sq. feet) that it is over 3 times bigger than an average D-Mart store (46,000 sq. feet)

FOLLOW FOR MORE AMAZING FACTS",,,1,,,,
Gyan Tokri,@Gyan_Tokri,09-02-2021,"The great banyan tree of Kolkata is so massive (156,000 sq. feet) that it is over 3 times bigger than an average D-Mart store (46,000 sq. feet)
#factoftheday",,,,,,,
Apssdc Krishna District,@apssdckrishna,10-02-2021,"Successfully completed #Skill_Connect_Drive on 09-Feb-2021 at D-Mart, Gudivada #Krishna_District",,,4,,,,
ruta,@baateinvaatein,10-02-2021,D-Mart date,1,,1,,,,
Sankalp Group Jaipur,@sankalp_builder,11-02-2021,"Shops, Showrooms & Office Spaces avilable on rent at Haldighati Gate, Adjoining D-MART, Main Tonk Road, Jaipur.

To know more, Call : 8824-444-666 or Visit at https://sankalpbuilders.com/project/sankalp-therise/â€¦",,,,,,,
PunishhÌ¶er â¢â£ MI,@Abhixplorer2,12-02-2021,Lucky wo hote jinke ghar ke saamne D-Mart hota hai,2,,2,,,,
SHO GOLCONDA,@shogolconda,13-02-2021,"Sri K Chandrashekar Reddy, SHO along with Golconda PS officers conducting Vehicle checking at Shaikpet D-Mart Check Post",4,9,94,,,,
NFAPost,@NfaPost,13-02-2021,"It shopping spree..scenes from D-Mart, Siddhapura, #Bengaluru.... IT professional, other workers are back to #city. Hope #biz will flourish like pre-Covid period
@nasscom
 @CIIEIndia
 @ficci_india
 @ASSOCHAM4India
 @IAMAIForum
 @IESA
 @siamindia
 @PMOIndia
 @investindia
 @investkarnataka",,,,,,,
Kans Capital - Mind the Gap,@KansCapital,15-02-2021,"D-Mart m-cap crosses Rs 2 trillion; zooms 49%+ in 3 months.

Sandip Sabharwal quoted as saying â€œIt is madness what is happening in DMart. Itâ€™s not a business justifying a 100 P/E as its a linear growth business. No valuation model can justify such prices.â€
#dmart #nifty #nifty50",1,1,,,,,
à°‡à°¤à±à°¤à°¡à°¿ à°šà±†à°‚à°¬à± - Ithadi Chembu,@EthadiChembu,15-02-2021,"Menâ€™s D-Mart 
#HyderabadMuchhatlu",,,3,,,,
à°‡à°¤à±à°¤à°¡à°¿ à°šà±†à°‚à°¬à± - Ithadi Chembu,@EthadiChembu,15-02-2021,"Menâ€™s D-Mart 
#HyderabadMuchhatlu",,,3,,,,
Abhijit Ray,@coolab2010,17-02-2021,D-Mart -is Hiring Manufacturing Production Operation Managers,,,,,,,
Crwe World,@CrweWorld,17-02-2021,Hot Stocks: LT Finance and D-Mart are the top 2 buy ideas for the next 3-4 weeks; here#39;s why http://crweworld.com/india/trendingnow/news/1887809/hot-stocks-lt-finance-and-d-mart-are-the-top-2-buy-ideas-for-the-next-3-4-weeks-here39s-whyâ€¦,,,,,,,
Raja Housing Ltd.,@rajahousingblr,19-02-2021,"Book Your Dream  2 & 4 BHK @ near D-Mart , Mathuru Layout , Yelahanka New town .Bangalore
For More Details Contact :9590 779 922 https://rajahousingltd.com/projects/2bhk-sale-near-yelahankaâ€¦ 
#rajahousingltd,#rajamelrose,#Yelahanka,#bangalore",,,,,,,
SAHITYA,@Sahityasavita,19-02-2021,"Hot Stocks: D-Mart, NCC and SBI are the top 3 buy ideas for short-term; here's why 
@moneycontrolcom",,,,,,,
Tarun Bangera,@tbangera,19-02-2021,"Returned ""Emperor Zahidi"" dates bought from 
@DMartSupport
  Chandivali store on 18Feb. Shocked to see lots of insects inside the airtight packet. Will 
@fssaiindia
 take any action on d quality of food and storage? Reported to d-mart and now awaiting reply.",,4,1,,,,
PropertyWala.com,@propertiesindia,19-02-2021,Lavish ready to move #Flat #ForSale upto 95% bank finance near #HingnaRoad d-mart #2BHK #Apartment #Nagpur #Residential #Property,,,,,,,
PropertyWala.com,@propertiesindia,21-02-2021,#1BHK IN SREE SHASWAT COMPLEX OPP D-MART AND BRAND FECTORY. #Apartment #Flat #ForSale #MiraBhayandarRoad #Mumbai #Residential #Property,,1,,,,,
çœŸå¸ŒãƒŠãƒ«ã‚»ï¼ˆãƒã‚­ï¼‰,@gin2rou,21-02-2021,"SUZURIã•ã‚“ã«ã¦ã‚¨ã‚³ãƒãƒƒã‚¯ã®ã‚»ãƒ¼ãƒ«ãŒé–‹å‚¬ä¸­ã§ã™ï¼
ã‚¨ã‚³ãƒãƒƒã‚°ç”¨ã®æ–°ã—ã„çµµæŸ„ã¯ã€æ¶ç©ºã®ã‚¹ãƒ¼ãƒ‘ãƒ¼ãƒãƒ¼ã‚±ãƒƒãƒˆã€ŒSHIBA-Martï¼ˆã‚·ãƒãƒãƒ¼ãƒˆï¼‰ã€ã¨ã€ŒD-Martï¼ˆãƒ€ãƒƒã‚¯ã‚¹ãƒãƒ¼ãƒˆï¼‰ã€ãƒ¬ã‚¸è¢‹ã¨ã„ã†è¨­å®šã§ãƒ‡ã‚¶ã‚¤ãƒ³ã—ã¦ã¿ã¾ã—ãŸã€‚ãŠãƒã‚«ã£ã½ãã¦ãŠæ°—ã«å…¥ã‚Šã§ã™ã€‚
https://suzuri.jp/makinaru
#suzurijp",1,13,42,,,,
rajabhat,@bajpebhat,22-02-2021,"Answer to What are the reasons why D-Mart is profitable while other retail chains are dealing with losses? by 
@SushangAgnihoti",,,,,,,
éŠæ˜ (Yue)æ¨ã—ã¨çµµå¸«&æ›¸ãæ‰‹æ§˜ãŒå°Šã„@çµ‚æ´»ä¸­,éŠæ˜ (Yue)æ¨ã—ã¨çµµå¸«&æ›¸ãæ‰‹æ§˜ãŒå°Šã„@çµ‚æ´»ä¸­,22-02-2021,"D-MARTã€€01ï¼ˆã‚¯ãƒ­ï¼‰ ã‚¨ã‚³ãƒãƒƒã‚°ã‚’è²·ã£ãŸã‚ˆã€‚ 
@gin2rou
 #suzuri https://suzuri.jp/makinaru/6169478/reusable-bag/m/whiteâ€¦
å±Šãã®ãŒæ¥½ã—ã¿ãƒ¼ãƒ¼ãƒ¼ã£â½â½Ù©(à¹‘ËƒÌ¶ÍˆÌ€ á—¨ Ë‚Ì¶ÍˆÌ)Û¶â¾â¾",,1,1,,,,
çœŸå¸ŒãƒŠãƒ«ã‚»ï¼ˆãƒŠãƒ«ã‚»ï¼‰,@makinaru,23-02-2021,"SUZURIã•ã‚“ã«ã¦ã‚¨ã‚³ãƒãƒƒã‚¯ã®ã‚»ãƒ¼ãƒ«ãŒé–‹å‚¬ä¸­ã§ã™ï¼

æ–°ãƒ‡ã‚¶ã‚¤ãƒ³ã€æ¶ç©ºã®ã‚¹ãƒ¼ãƒ‘ãƒ¼ãƒãƒ¼ã‚±ãƒƒãƒˆã€ŒD-Martï¼ˆãƒ€ãƒƒã‚¯ã‚¹ãƒãƒ¼ãƒˆï¼‰ã€ã®ãƒ¬ã‚¸è¢‹ä»¥å¤–ã«ã‚‚äººæ°—ã®çµµæŸ„ã‚’ã‚¨ã‚³ãƒãƒƒã‚°ã«ã—ã¾ã—ãŸã®ã§è¦—ãã«æ¥ã¦ãã ã•ã„
https://suzuri.jp/makinaru

#suzuri 
#SUZURIã®ã‚¨ã‚³ãƒãƒƒã‚°ã‚»ãƒ¼ãƒ«",,2,11,,,,
Harsh Yaan,@dazzler_Yaan,24-02-2021,"D-MART   ""Jhagirabad""
ON SUNDAY",,,1,,,,
So Called Dentist(Halla Bol),@dentist_so,24-02-2021,"I bought that pasta from D-Mart,thinking that it must b gr8 on taste (becoz name of TATA) but unfortunately it tasted yuck...
Never going to buy any packed ready to eat food from them...
I just hope they don't merge it with Tata Consumer...",,,1,,,,
Mangalam Maloo,@blitzkreigm,25-02-2021,"JUST DIAL +20% 

The way Just Dial is moving, it looks like theyâ€™ve launched D-mart, not JD Mart",9,14,215,,,,
Essar,@Essar91279107,25-02-2021,"#badlapur city road conditions are better than last year but only problem is the paver block are not in level with the concrete road everywhere. Need Railway over bridge at Badlapur west D-mart which can reduce traffic of station road. 
@healthkbmc
 #Badlapur #ambarnath   #kbmc",,,,,,,
The Wrong Person,@iprathmeshs,27-02-2021,So this man at D-mart was buying condoms like it's Illegal ,,,,,,,
à¤œà¤¿à¤—à¥à¤¨à¥‡à¤¶ à¤—à¤¾à¤‚à¤§à¥€,@gandhi_jg,27-02-2021,I always purchase online & from D-mart & I feel after GST implementation prices of most of the goods have gone down. I am feeling the Govt before 2014 was looting people. In 2010 I purchased a property at a very high rate due to high inflation by over currency printing by PC.,,,,,,,
Mayank Jindal (TC),@MJ_007Club,27-02-2021,D-Mart in Ahmedabad. Best place. Satellite wali branch.,,1,2,,,,
à¦¸à¦¿à¦¦à§à¦§à¦¾à¦°à§à¦¥ (Siddhartha),@quinoa_biryani,28-02-2021,"A reminder that if you come across a video of me throwing a 20 minute tantrum after getting ejected from the local D-Mart for wearing a powder blue children's tuxedo, it's a deepfake created by my enemies.",1,,6,,,,
Sumithnagamalla2222,@Indiantxtrovert,28-02-2021,"Agree or not, D-Mart is a type of exhibition for middle class people.",1,,7,,,,
#à¨®à©ˆ_à¨•à¨¿à¨¸à¨¾à¨¨_à¨¹à¨¾à¨‚,@lakhwindr_r1,01-03-2021,"à¨¦à©à¨¸à¨¼à¨®à¨¨ à¨µà©€ à¨…à©œà¨¨ à¨µà¨¾à¨²à¨¿à¨†à¨‚ à¨¦à©‡ à¨¹à©€ à¨¬à¨£à¨¦à©‡ à¨†, à¨¦à©‹à¨—à¨²à¨¿à¨† à¨¦à©‡ à¨¤à¨¾ à¨¸à¨¾à¨°à©‡ à¨¯à¨¾à¨° à¨¹à©€ à¨¹à©à©°à¨¦à©‡ à¨¨à©‡. @ D-Mart https://instagram.com/p/CL3gLpcnUkY/?igshid=1r54iw4m6fiqwâ€¦",,,,,,,
Cycle Chain Sankar,@dakuwithchaku,02-03-2021,Corporate culture is like showing each item to be bought from D-Mart as a separate project ,1,,4,,,,
Cycle Chain Sankar,@dakuwithchaku,03-03-2021,I think he's never visited D-Mart ,3,2,5,,,,
Ida V. Eskamani,@ida_v_e,03-03-2021,"Congratulations to 
@Danmartinez305
 on your new gig with the Libre Initiative!! We are often on opposite sides of the debate, but damn is he a good hire. He is also a gem of a human, an amazing friend & brilliant at what he does. Congrats D-Mart. 
 #GoodPeopleCaucus",,2,15,,,,
Anirban Ghosh,@Anirban91091527,03-03-2021,"We can talk about interest rates n inflation as much as we want..but the fact is market is ready to give them the high valuation..why to fight?? People talking about interest rates, will sit on sidelines and see the valuation rise each yr just like D-Mart!!",1,,1,,,,
Cycle Chain Sankar,@dakuwithchaku,03-03-2021,I think he's never visited D-Mart ,3,2,5,,,,
,@divvsssss,04-03-2021,D-MART dates are the best! ,,,1,,,,
Guru - Medical Translator/Learning à¤®à¤°à¤¾à¤ à¥€ & Cooking,@KamathGurudutt,05-03-2021,"Shopping Cart Theory

I always, always make sure I return the cart or make sure it is not in anyone's way.

At D-Mart Kandivali...carts are scattered around. I make sure I put them in order....and see that they do not inconvenience anybody.",,1,1,,,,
PropertyWala.com,@propertiesindia,05-03-2021,opposite d-Mart Near beltrodi police station PLOTS COMMERCAIL #ResidentialPlot #Land #ForSale #Beltarodi #Nagpur #Residential #Property,,,,,,,
rushika,@akihsur,06-03-2021,"all my fuck capitalism goes outta window in d-mart. Two pairs of shorts for 150? get 4 pkts of biscuits free over 2 big pkts of chips?? 6 knives for 250??? HELLS YEA 
i am the worst",2,,9,,,,
Raja Housing Ltd.,@rajahousingblr,06-03-2021,"Book Your Dream  2 & 4 BHK @ behind D-Mart , Mathuru Layout , Yelahanka New town .Bangalore
For More Details Contact :9590 779 922 https://rajahousingltd.com/projects/2bhk-sale-near-yelahankaâ€¦ 
#rajahousingltd,#rajamelrose,#Yelahanka,#bangalore",,,,,,,
Hyderabadi $@!,Hyderabadi $@!,07-03-2021,"Goes to D-Mart 

Cashier - is that all ? 
Me - no I need 1 lakh cash too",1,,5,,,,
Juanita,@Juanitakseth,07-03-2021,"I wonder how I'm going to learn driving, like mujhse d-mart wali trolly nahi sambhali jaati without almost bumping into someone.",,,2,,,,
Ramesh Raktade,@r_raktade,07-03-2021,"à¤®à¥à¤‚à¤¬à¤ˆà¤•à¤°à¤¾à¤‚à¤¨à¥‹ D-mart à¤®à¤§à¥à¤¯à¥‡ à¤–à¤°à¥‡à¤¦à¥€ à¤•à¤°à¤¤à¤¾à¤¨à¤¾ à¤²à¤•à¥à¤· à¤ à¥‡à¤µà¤¾...

#à¤¬à¥…à¤¨_à¤¹à¤²à¤¾à¤²_à¤ªà¥à¤°à¥‰à¤¡à¤•à¥à¤Ÿ #BanHalalProducts",,18,22,,,,
Bpatil à¤œà¤¯ à¤¶à¥à¤°à¥€ à¤°à¤¾à¤®,@Bpatil32289121,07-03-2021,"à¤¹à¤¿à¤‚à¤¦à¥‚à¤‚à¤¨à¥‹ D-mart / à¤¶à¤¾à¤à¤ªà¥€à¤‚à¤— à¤®à¤¾à¤à¤² à¤®à¤§à¥à¤¯à¥‡ à¤–à¤°à¥‡à¤¦à¥€ à¤•à¤°à¤¤à¤¾à¤¨à¤¾ à¤¸à¤¾à¤µà¤§à¤¾à¤¨...
à¤¹à¤²à¤¾à¤²à¤¾ à¤¸à¤°à¥à¤Ÿà¤¿à¤«à¤¿à¤•à¥‡à¤Ÿ à¤šà¥‡ à¤ªà¥ˆà¤¸à¥‡ à¤•à¥‹à¤£à¤¾à¤²à¤¾ à¤®à¤¿à¤³à¤¤à¤¾à¤¤ à¤¯à¤¾à¤šà¥€ à¤®à¤¾à¤¹à¤¿à¤¤à¥€ à¤˜à¥à¤¯à¤¾ .
à¤¹à¤²à¤¾à¤²à¤¾ à¤²à¥‹à¤—à¥‹ à¤…à¤¸à¤²à¥‡à¤²à¥à¤¯à¤¾ à¤µà¤¸à¥à¤¤à¥ à¤–à¤°à¥‡à¤¦à¥€ à¤•à¤°à¥ à¤¨à¤•à¤¾ .
#à¤¬à¥…à¤¨_à¤¹à¤²à¤¾à¤²_à¤ªà¥à¤°à¥‰à¤¡à¤•à¥à¤Ÿ #BanHalalProducts",,,1,,,,
Manish parmar,@MnshParmar1,08-03-2021,"The great banyan tree of Kolkata is so massive (156,000 sq. feet) that it is over 3 times bigger than an average D-Mart store (46,000 sq. feet)
Source: Culture Trip",,,,,,,
Anubhav,@dactersaab,09-03-2021,Hey bro.. Yo D-Mart just casually droppin' them à¤¨à¤¿-bombs yo! ,1,,3,,,,
Bring It On,@TigersBloodCell,09-03-2021,"No it's 955 â‚¹ in D-mart 

985â‚¹ if you buy it from other grocery shop",,,,,,,
nakulsoftyjoshii,@glitteryfartss,09-03-2021,D-mart is actually short for Dick Mart and thats why i will never go there because I donâ€™t want to buy any dicks.,,,,,,,
Dev Shah,@devshah22598,11-03-2021,"D-Mart too 
@tapak7",,,,,,,
Israel_Liz_22,@Israel_Lizma_7,13-03-2021,"What a play let's go D-Mart. 
@TNXLAcademy",,3,5,,,,
SmitalSolanki,@smital_solanki,13-03-2021,"Since years the Harshad-Somnath road has not been renewed, only patch work is done. Requesting for a fresh road. Opposite Bapunagar D-Mart 
@AMC_Complaints
 @DyMC_EZ
 @Nitinbhai_Patel
 @vijayrupanibjp
 @nitin_gadkari
 @PMOIndia
 @AmdavadAMC",2,1,2,,,,
Israel_Liz_22,@Israel_Lizma_7,13-03-2021,"What a play let's go D-Mart. 
@TNXLAcademy",,3,5,,,,
Babu/Shona,@Pareshaan_aatma,14-03-2021,"Kya blunder hua hai bc aaj 
I randomly picked up this Nivea Lip Balm from D-Mart because the Himalaya one was not available. As it turns out, this mfer is worth 185 Rs and not the usual 35 Rs that a lip balm should be 
And the balm itself is red colored and not transparent ",13,,9,,,,
ğ‘¾ğ’†ğ’‚ğ’ğ’•ğ’‰ ğ‘¬ğ’ğ’“ğ’Šğ’„ğ’‰ : â¶â¶ Stock Investing â¶â¶,@WealthEnrich,15-03-2021,"Ace #investors #portfolio 
If I had to pick one stock each from their #StockPicks it would be : 

1. D-Mart (Top mass retailer) 
2. Escorts (excellent Rural play)
3. Edelweiss (fast growing NBFC) 
4. Cera Sanitary (Home products play)

Folks : What #stocks would you pick ? ",10,43,222,,,,
APLA,@teamapla,15-03-2021,Y'day we got a call from a person relating dog issue that near D-mart. Keshav nagari some people stolen dogs15-20 days puppies & sell them. So he called APLA to slove this issue. Today morning APLA team reached there and sloved the case.,,,2,,,,
TOI Plus,@TOIPlus,19-03-2021,#Kalyan: D-Mart's six staff members test positive for #COVID19; store shut. #ICYMI,1,5,11,,,,
BHARGAVI REDDY,@BHARGAV30273971,19-03-2021,"HMDA & RERA PROPOSAL PROJECT AT MIYAPUR NEAR D-MART| HMT SWARNAPURI COLONY HYDERABAD

PRICE: RS-4500/- PER SQ YARD

FOR MORE DETAILS CONTACT US...+91-9014888700",,,,,,,
Vivek,@Pacinolegacy,19-03-2021,D-mart ke share ki tarah badh raha ye to,1,,18,,,,
Mumbai Tez News,@mumbaitez,19-03-2021,"#Kalyan: D-MART'S SIX STAFF MEMBERS TEST POSITIVE FOR #Covid; STORE SHUT

The incident took place at the #BailBazaar branch of D-Mart in #Kalyan, #Thane

#coronavirus
#Maharashtra #dmart 
@humansofkalyan
 @DombivliCentYT
 @AmhiDombivlikar
 @dombivliwest
 @LimbuMirchi
 @WeAreDombivli",,3,2,,,,
Cycle Chain Sankar,@dakuwithchaku,20-03-2021,Garlic Bread. Do buy this masala in case u wanna make instant masala garlic bread type stuff. Available @ D-Mart,1,2,3,,,,
Cutie Rottie,@RaviGM511,20-03-2021,"Check in D-Mart bro, 24-26/kg",1,,3,,,,
Harsh Rana,@IAmHarshRana,20-03-2021,"àªªàª¬à«àª²àª¿àª• àª¨à«‡ àª¬à«àª¦à«àª§àª¿ àª¸àª°àª•àª¾àª° àª†àªªàª¶à«‡.?
D-mart àª®àª¾àª‚ àª­à«€àª¡ àª¥àª¾àª¯ àª¤à«‹ àª¤àª‚àª¤à«àª° àªœàªµàª¾àª¬àª¦àª¾àª°.!
àª¤àª‚àª¤à«àª° 1 àª¸àª®àª¯ àª àª¬àª§à«‡ àªªà«‹àª¹àªšà«€ àªœàª¾àª¯.!
àª®à«‡àªš àªœà«‹àªµàª¾ àª²à«‹àª•à«‹ àªàª®àª¨à«€ àª®àª°àªœà«€ àª¥à«€ àª—àª¯àª¾ àª¸àª°àª•àª¾àª° àª¹àª¾àª¥ àªªàª•àª¡à«€ àª¨à«‡ àª¨à«‹àª¹àª¤à«€ àª²àªˆ àª—àªˆ. 
@RJdevaki
 àª¤àª®à«‡ àª¦à«‡àª¶ àª­àª²à«‡ àª¨ àªšàª²àª¾àªµàª¤àª¾ àª¹à«‹àªµ àªªàª£ àª²à«‹àª•à«‹ àªàª®àª¨à«€ àª®àª°àªœà«€ àª¨à«àª‚ àª•àª°à«‡ àª›à«‡.
àª†àªµà«‹ àª•à«àª¯àª¾àª°à«‡àª• àª‡àª¸àª¨àªªà«àª°-àªµàªŸàªµàª¾ àª–àª¬àª° àªªàª¡à«‡. àªàª¨à«€ àª®àª¾àªŸà«‡ àª¸àª°àª•àª¾àª° àª¨à«‡ àª¦à«‹àª·.",1,,,,,,
Ameya,@ameya4mPune,21-03-2021,"HDFC giving 5% CB for shopping at D-Mart till 31st March. 
Link: https://offers.smartbuy.hdfcbank.com/offer_details/16980â€¦",2,,3,,,,
Aman Thakur,@iamofficialaman,21-03-2021,"Just posted a photo @ D-Mart, Jaipur https://instagram.com/p/CMr2mzNhJ-b/?igshid=17e1xa2txs73vâ€¦",,,,,,,
shreyaâ·â€,@jungkootonin,21-03-2021,and when i run into jungkook at d-mart,1,,4,,,,
à¤–à¤±à¥€ - à¤–à¥‹à¤Ÿà¥€â„¢,@kharikhotii,21-03-2021,"à¤œà¤¿à¤¸ à¤¦à¤¿à¤¨ D-Mart à¤®à¥‡à¤‚ à¤¬à¥€à¤¯à¤° à¤®à¤¿à¤²à¤¨à¥€ à¤šà¤¾à¤²à¥‚ à¤¹à¥‹à¤—à¥€
à¤µà¥‹ à¤¦à¤¿à¤¨ à¤­à¤¾à¤°à¤¤ à¤µà¤¿à¤•à¤¸à¤¿à¤¤ à¤¦à¥‡à¤¶ à¤•à¤¹à¤²à¤¾à¤à¤—à¤¾ à¥¤",,,,,,,
Swa-pun-il,@alec_bingeman,22-03-2021,"One of my faculty used to always insult the D-mart's owner, unaware of the fact that the Owner's nephew used to study in our class ",1,,8,,,,
Thane Times,@TimesThane,22-03-2021,"Kalyan: D-Mart's six staff members test positive for COVID-19; store shut - Mumbai Mirror http://twib.in/l/jp7yGM9ojAA8 via 
@TimesThane
 #ThaneNews #News",,,,,,,
Ashok Kumar Reddy Kambham,@Ashok_Reddy_K,23-03-2021,Ippudu Anantapur d-mart ki vellamani cheppalenu ma intlo. Tirupati d-mart try cheyamantaava Anna?,,,,,,,
For A Better Vizag,@ForABetterVizag,24-03-2021,"Dear 
@vizagcitypolice
 and 
@GVMC_OFFICIAL
 we have observed that some service roads don't have street lights. The are very dark and can be unsafe for women and night commuters. 

As of now, the service roads that start from R&B building towards D-Mart. 

We will identify more.",1,1,11,,,,
E-Cell IBSM,@Ecell_IBSM,25-03-2021,"From growing up in one-room flat in Mumbai to finding out India's one of the largest retail chain stores D-Mart. Suffering huge losses to being one of the richest men in India. Mr. Radhakishan Damani's story definitely teaches us a lot of lessons. 
#TBT #ThursdayThoughts",,1,14,,,,
Felix Dominic Rodrigues,@FelixDominicRo1,26-03-2021,"#dmart

Check out this article: Andheri's D-Mart store found flouting COVID-19 norms; store to remain shut till the end of pandemic -",,,,,,,
Malakpet Diaries,@MalakpetD,26-03-2021,"Installation of reflectors, rumble strips & speed-breakers designed to restrain high speeds and decrease road accidents is very much needed opp to  D-Mart, Rice Mill  Malakpet. To be precise road towards  Akbarbagh 
@HYDTP
 @arvindkumar_ias",,,,,,,
THE VILLAINâ„¢,@NBKzealot_,26-03-2021,"à°¸à±‚à°°à±€à°¡à±....D-Mart à°¦à°—à±à°—à°°à±‡ à°‰à°¨à±à°¨à°¾... à°†à°«à±€à°¸à± à°•à°¿ à°Ÿà±ˆà°‚ à°…à°¯à±à°¯à°¿à°‚à°¦à°¿.. à°µà±†à°³à±à°¤à±à°¨à±à°¨à°¾ à°¸à±‚à°°à±€à°¡à± 
@Manojkumarsayz",3,,,,,,
dishayÂ¹Â²,@sjhwnace,28-03-2021,"mfs give them space, in Korean they let you enter airport for no fuckin reason and here they didn't allow me to enter the d-mart bcos we're in pandemic? ",1,1,4,,,,
dishayÂ¹Â²,@sjhwnace,28-03-2021,"mfs give them space, in Korean they let you enter airport for no fuckin reason and here they didn't allow me to enter the d-mart bcos we're in pandemic? ",1,1,4,,,,
Sayyad Waseem,@iamwaseem_s,30-03-2021,"YE TO LOOT RAHE HO
SUPER COIN KE NAAM SE

ITNA RATE HADD HAI

LAST TIME MAINE D-MART SE 20 Rs Per piece liya tha

#byecott 
#Flipkart 
@flipkartsupport",1,,,,,,
Shashikant Kore,@kshashi,30-03-2021,"Last evening, around 6:30 PM, there was queue with about 100 people outside D-Mart Aundh. 

We should not have 8 PM restriction on essential businesses.",,,3,,,,
Pawan Thakur,@pawannthakur,31-03-2021,All this fuss and I am holding 20 shares of D-MART since eternity. ,4,,28,,,,
à¨—à©à¨°à¨ªà©à¨°à©€à¨¤ à¨¸à¨¿à©°à¨˜,@stopspreadhates,31-03-2021,"In D-mart jaggery 135rs/kg ....j bill pass hoge sab kuch eda e milu
#à¤•à¤¾à¤²à¥‡_à¤•à¤¼à¤¾à¤¨à¥‚à¤¨_à¤µà¤¾à¤ªà¤¿à¤¸_à¤²à¥‹",,1,,,,,
Mr Nexon,@MrNexon1,01-04-2021,"à¤•à¥à¤¯à¤¾ D-MART à¤¡à¥‰à¤¨ à¤¦à¤¾à¤Šà¤¦ à¤‡à¤¬à¥à¤°à¤¾à¤¹à¤¿à¤® à¤•à¤¾ à¤¹à¥ˆà¤‚?à¥¤
 DON DAUD IBRAHIM IS REAL OWNER OF D-MART?

*D-MART UNDERWORLD CONNECTION*

https://youtu.be/xum6_gxJ0-Q
#mrnexon #trending #viral #news #knowledge #facts",,2,2,,,,
ETRealty,@Realty_Et,02-04-2021,D-Mart's Radhakishan Damani buys 8-acre Thane plot from Mondelez #Mumbai #CadburyIndia #Thane #MondelezIndia #RadhakishanDamani #Mondelez #DMart,,3,5,,,,
Malay Desai,@MalayD,02-04-2021,"#Uddhav ji just delivered wise context and global perspective #Covid_19 but kafi logon ko sirf janna tha ki D-Mart ya wine shop mein kitni badi bag le kar jaaye 
. #maharashtra",1,1,9,,,,
Bhagyashri Shinde,@momogobbler,02-04-2021,"Such noble initiative by 
@NMMConline
..... would love to see this good cause become successful and reproduced as much as possible...located near D-mart, Juinagar",,,,,,,
Cycle Chain Sankar,@dakuwithchaku,02-04-2021,I am already logged on Big Basket & D-Mart. Any mention of lockdown and I click check-out ,,,4,,,,
ET Industry News,@ETIndustryNews,02-04-2021,D-Martâ€™s Radhakishan Damani buys 8-acre Thane plot from Mondelez #ETIndustryNews,,,3,,,,
91Realty,@91realty_LLP,02-04-2021,D-Martâ€™s Radhakishan Damani buys 8-acre Thane plot from Mondelez http://dlvr.it/RwrjN0,,,,,,,
TOI Mumbai,@TOIMumbai,03-04-2021,"Mumbai: D-Mart's founder purchases bungalow worth 1,001 crore",11,18,189,,,,
RonnieLava,@ronald_lavallee,03-04-2021,"Debbie, Very funny VIRAL VIDEO you and Brinke Stevens did with Paul Scrabo, now up on YouTube!

Also available on amazon is the Collector's Edition dvd of Dr Horror's Erotic House of Idiots
by Paul (co-written by Brinke!)
 
Also remember...shop D-Mart
 @DebbieRochon",4,2,11,,,,
ET NOW,@ETNOWlive,03-04-2021,"In the largest ever residential transaction in #India, Radhakishan Damani, billionaire investor and founder of D-Mart has bought a bungalow in South Mumbaiâ€™s plush #MalabarHill locality for Rs 1,001 cr (ET Reports) 

#RKDamani #RadhakishanDamani #DMart",16,74,311,,,,
Kasturi Shankar,@KasthuriShankar,03-04-2021,"D-Mart founder Radhakishan Damani purchases bungalow worth 1,001 crore - Touted to be the biggest real estate transaction... stamp duty 30 crore ( MH stamp duty is only 3 percent? lucky blokes)",6,6,33,,,,
Indian News Live,@IndianNewsLive_,03-04-2021,"Radhakishan Damani, founder of D-Mart, bought Indiaâ€™s most expensive house, know what the price is",,,,,,,
Ujval Nanavati,@cynical_ujval,03-04-2021,"D-Mart IPO retail allotment of 50 shares may buy a 1BHK in Bandra some day.

Meanwhile...",,,2,,,,
MANOJ KUMAR OJHA,@MANOJKU91938048,03-04-2021,"Congratulations.We are moving from Democratic to Capitalist Country.....
D-Martâ€™s Radhakishan Damani buys Malabar Hill property for Rs 1,001 crore

https://economictimes.indiatimes.com/industry/services/property-/-cstruction/d-marts-radhakishan-damani-buys-malabar-hill-property-for-rs-1001-crore/articleshow/81885759.cmsâ€¦

 Download Economic Times App to stay updated with Business News - https://etapp.onelink.me/tOvY/135dde21",,,1,,,,
Economic Times,@EconomicTimes,03-04-2021,"In the largest ever residential transaction anywhere in the country, Radhakishan Damani, billionaire investor and founder of D-Mart has bought a bungalow in South Mumbaiâ€™s plush Malabar Hill locality for Rs 1,001 crore.",11,22,93,,,,
Ameya Hardas,@ameyahardas,03-04-2021,D-Mart's Radhakishan Damani buys Malabar Hill property for Rs 1001 crore.,,,1,,,,
iVyasa,@ivyasaa,03-04-2021,"#Mumbai news - Super rich
  -- D-Mart's founder purchases bungalow worth 1,001 crore",,1,,,,,
Free Press Journal,@fpjindia,03-04-2021,"D-Mart founder Radhakishan Damani buys property worth Rs 1,001 cr in South Mumbai's Malabar Hill 

#Mumbai #SouthMumbai #MalabarHill #RadhakishanDamani #DMart",,,2,,,,
nvpnews,@nvpnews,03-04-2021,"D-Mart à¤•à¥‡ à¤«à¤¾à¤‰à¤‚à¤¡à¤° à¤°à¤¾à¤§à¤¾à¤•à¥ƒà¤·à¥à¤£ à¤¦à¤®à¤¾à¤¨à¥€ à¤¨à¥‡ à¤®à¥à¤‚à¤¬à¤ˆ à¤•à¥‡ à¤†à¤²à¥€à¤¶à¤¾à¤¨ à¤‡à¤²à¤¾à¤•à¥‡ à¤®à¥‡à¤‚ à¤–à¤°à¥€à¤¦à¤¾ à¤˜à¤°, à¤•à¥€à¤®à¤¤ 1001 à¤•à¤°à¥‹à¤¡à¤¼ à¤°à¥à¤ªà¤¯à¥‡",,,,,,,
Ankit Chaudhary,@entrepreneur987,03-04-2021,"In the largest ever residential transaction anywhere in the country, Radhakishan Damani, billionaire investor and founder of D-Mart has bought a bungalow in South Mumbaiâ€™s plush Malabar Hill locality for Rs 1,001 cr.",7,17,115,,,,
THE WORLD NEWS of INDIA,@NEWSWORLD555,03-04-2021,"Mumbai: D-Mart's founder purchases bungalow worth 1,001 crore - Times of India

https://news.google.com/__i/rss/rd/articles/CBMigwFodHRwczovL3RpbWVzb2ZpbmRpYS5pbmRpYXRpbWVzLmNvbS9jaXR5L211bWJhaS9tdW1iYWktZC1tYXJ0cy1mb3VuZGVyLXB1cmNoYXNlcy1idW5nYWxvdy13b3J0aC0xMDAxLWNyb3JlL2FydGljbGVzaG93LzgxODg4MTc1LmNtc9IBfmh0dHBzOi8vbS50aW1lc29maW5kaWEuY29tL2NpdHkvbXVtYmFpL211bWJhaS1kLW1hcnRzLWZvdW5kZXItcHVyY2hhc2VzLWJ1bmdhbG93LXdvcnRoLTEwMDEtY3JvcmUvYW1wX2FydGljbGVzaG93LzgxODg4MTc1LmNtcw?oc=5â€¦

#NEWS INDIA",,,,,,,
Gautam N Allahbadia,@ivfwaladoctor,03-04-2021,"D-Mart's Radhakishan Damani buys Malabar Hill property for Rs 1,001 crore http://ecoti.in/uHwYqY59 via 
@economictimes",,,,,,,
Shailendra Pandey,@Shailen22563403,03-04-2021,"à¤¬à¤¹à¥à¤¤ à¤¬à¤¹à¥à¤¤ à¤¬à¤§à¤¾à¤ˆ Mumbai: D-Mart's founder purchases bungalow worth 1,001 crore | Mumbai News - Times of India",,,,,,,
Expert News,@Ankush789,03-04-2021,"D-Mart founder Radhakishan Damani buys property worth Rs 1,001 cr in South Mumbaiâ€™s Malabar Hill",,,,,,,
Rajesh Kumar,@mi6rajesh,03-04-2021,"In the largest ever residential transaction anywhere in the country, 
Radhakishan Damani, billionaire investor, founder of D-Mart bought a bungalow in South Mumbaiâ€™s Malabar Hill worth Rs 1,001 crore. Damani bought the property along with his younger brother Gopikishan Damani.",,1,2,,,,
Leafy,@sosleafy,03-04-2021,"Mumbai: D-Mart's founder purchases bungalow worth 1,001 crore - Times of India",,,,,,,
91Realty,@91realty_LLP,03-04-2021,"D-Martâ€™s Radhakishan Damani buys Malabar Hill property for Rs 1,001 crore http://dlvr.it/RwwYr5",,,1,,,,
Minhaz Merchant,@MinhazMerchant,04-04-2021,"1.5 acre bungalow in south Mumbai bought by D-Mart retail chain founder Radhakishan Damani for Rs 1,001 crore. You could squeeze 3 Lutyens bungalows into that budget.",16,61,317,,,,
dr_philomath,@drsvsanghi,04-04-2021,"Blessed are those, who have a D-Mart in their city!",29,13,149,,,,
Swarajya,@SwarajyaMag,04-04-2021,"D-Martâ€™s Radhakishan Damani Executes Largest Ever Residential Deal In India; Buys Malabar Hill House For Rs 1,001 Cr",3,17,94,,,,
The Telegraph,@ttindia,04-04-2021,"Radhakishan Damani, the well known investor and founder of retail chain D-Mart, has bought a residential property in South Mumbaiâ€™s posh Malabar Hill for Rs 1,001 crore.",2,4,22,,,,
Neeran Karnik,@neeran,04-04-2021,"The Costco business and operating model, explained -- in a few tweets.  I thought Walmart had Sam's Club along the same lines...

I wonder if anyone is attempting the same playbook in India?  D-Mart maybe, but I haven't heard of a popular membership model in India.",6,7,31,,,,
Navi Mumbai Network,@NaviMumbaiNet,04-04-2021,"Navi Mumbai : Belapur D-Mart Store Found Flouting COVID-19 Norms, charged 50,000 as penalty in Navi Mumbai.
#DMart #NMMC #Corona #NaviMumbaiNetwork
https://youtu.be/M44x4qyw8BA 
@navimumbaicv
 @NaviMumbaiCity
 @DarshanNPopat
 @NMMCCommr
 @NaviMumbaiVoice
 @NaviMumbaikars
 @NaviMumbaiToday",2,1,8,,,,
"Raja Ø±Ø§Ø¬Û - awaaz do, hum ek hain",@Raja_Sw,04-04-2021,"Saw this news that the D-Mart guy bought property for 1001 Cr.
Fine.
Was also reported, stamp duty was 30cr.
Made me think, if you're paying 1001cr for property, maybe you can pay more than 30cr as stamp duty, no?
I know some will frown at this, but this thought crossed my mind.",3,3,10,,,,
m.hindu,@me_hindu,04-04-2021,"one damani of chain store D-mart has taken a bungalow in mumbai for over rupees one thousand crores.
hope his tax matters are in order
@finminindia
 @nsitharaman",,,4,,,,
#Gauâ‚¹avKhaiâ‚¹at,@GauravKhairat,04-04-2021,"D-Martâ€™s Damani buys Malabar Hill property
https://economictimes.indiatimes.com/industry/services/property-/-cstruction/d-marts-radhakishan-damani-buys-malabar-hill-property-for-rs-1001-crore/articleshow/81885759.cmsâ€¦

 Download Economic Times App to stay updated with Business News -",,,,,,,
Na Eotteokhae Eonni?,@JustWannaFreeFx,04-04-2021,"They simply don't exist here but

If I went to *D-Mart* I'd hope they have those blue parle aloo chat chips and get those because damn",,,,,,,
Markets Today,@marketstodays,04-04-2021,"In the largest ever residential transaction in #India, Radhakishan Damani, billionaire investor and founder of D-Mart has bought a bungalow in South Mumbaiâ€™s plush #MalabarHill locality for Rs 1,001 cr (ET Reports) 

#RKDamani #RadhakishanDamani #DMart",,,3,,,,
Ramaswamy Iyer,@iyer_rn,04-04-2021,"D-Martâ€™s Radhakishan Damani Executes Largest Ever Residential Deal  In India; Buys Malabar Hill House For Rs 1,001 Cr",,1,3,,,,
Viral News India,@ViralNewsIndia1,04-04-2021,Viral news india: Mumbai: D-Mart's founder purchases bungalow worth ... https://viralnewzindia.blogspot.com/2021/04/mumbai-d-marts-founder-purchases.html?spref=twâ€¦,,,,,,,
ET Industry News,@ETIndustryNews,04-04-2021,"D-Martâ€™s Radhakishan Damani buys Malabar Hill property for Rs 1,001 crore #ETIndustryNews",,,1,,,,
Tejas Prakash Jhaveri,@TejasJ,04-04-2021,"In the largest ever residential transaction anywhere in the country, Radhakishan Damani, billionaire investor and founder of D-Mart has bought a bungalow in South Mumbaiâ€™s plush Malabar Hill locality for Rs 1,001 crore. 

#dmart #mumbairealestate",,,1,,,,
EveryWebLive Â©,@FlaShBloGLive,04-04-2021,"Mumbai: D-Mart's founder purchases bungalow worth 1,001 crore - Times of India",,,,,,,
Shubham Srivastav,@Shubham__7777,04-04-2021,"In the largest ever residential transaction in #India, Radhakishan Damani, billionaire investor and founder of D-Mart has bought a bungalow in South Mumbaiâ€™s plush #MalabarHill locality for Rs 1,001 cr.

Follow for more.
.
.
#RKDamani #RadhakishanDamani #DMart #realestate",,,1,,,,
#Gauâ‚¹avKhaiâ‚¹at,@GauravKhairat,04-04-2021,"D-Martâ€™s Radhakishan Damani buys Malabar Hill property for Rs 1,001 crore

https://economictimes.indiatimes.com/industry/services/property-/-cstruction/d-marts-radhakishan-damani-buys-malabar-hill-property-for-rs-1001-crore/articleshow/81885759.cmsâ€¦

 Download Economic Times App to stay updated with Business News - https://etapp.onelink.me/tOvY/135dde21",,,,,,,
Mohamed Mansoor,@Mohamed78652,04-04-2021,"Mumbai: D-Mart's founder purchases bungalow worth 1,001 crore
 https://timesofindia.indiatimes.com/city/mumbai/mumbai-d-marts-founder-purchases-bungalow-worth-1001-crore/articleshow/81888175.cmsâ€¦
Download the TOI app now:
https://timesofindia.onelink.me/mjFd/toisupershareâ€¦",,,,,,,
TOI Plus,@TOIPlus,05-04-2021,"#Replug | D-Mart founder Radhakishan Damani has purchased a bungalow property at Narayan Dhabolkar Road in south Mumbai for a record Rs 1,001 crore.",1,2,15,,,,
Miten,@mitenlapsiya,05-04-2021,"D-Mart's Radhakishan Damani buys Malabar Hill property for Rs 1,001 crore https://realty.economictimes.indiatimes.com/news/residential/d-marts-radhakishan-damani-buys-malabar-hill-property-for-rs-1001-crore/81886884â€¦ # via 
@Realty_Et",,,2,,,,
kar,@Upatsumbha,05-04-2021,"#maharashtralockdown 
No one.
Literally No one.
Mumbaikars going to D-mart after announcement of lockdown -",1,,2,,,,
Balaji Badrinath,@thebababalaji,05-04-2021,Is this the largest real estate transaction in India? D-Mart founder buys a residential property for a record 1001 Cr in #Mumbai #realestate #Damani,1,,,,,,
Sourabh Pradeepji Jain,@saurabhp_jain,05-04-2021,"à¤®à¥ˆà¤‚ à¤¸à¤­à¥€ à¤•à¥‹ à¤¸à¤•à¥à¤¶à¤² à¤¦à¥‡à¤–à¤¨à¤¾ à¤šà¤¾à¤¹à¤¤à¤¾ à¤¹à¥‚à¤‚ à¤†à¤ª à¤¸à¤­à¥€ à¤¸à¥‡ à¤…à¤¨à¥à¤°à¥‹à¤§ à¤¹à¥ˆ à¤•à¤¿ à¤®à¥‡à¤°à¥€ à¤‡à¤¸ à¤®à¥à¤¹à¤¿à¤® à¤®à¥‡à¤‚ à¤®à¥‡à¤°à¤¾ à¤¸à¤¾à¤¥ à¤¦à¥‡à¤‚ à¤”à¤° à¤¶à¤¾à¤¸à¤¨ à¤ªà¥à¤°à¤¶à¤¾à¤¸à¤¨ à¤”à¤° à¤œà¤¨à¤¤à¤¾ à¤¸à¥‡ à¤¨à¤¿à¤µà¥‡à¤¦à¤¨ à¤¹à¥ˆ à¤•à¤¿ à¤‡à¤¸ à¤µà¥à¤¯à¤¾à¤ªà¤¾à¤° à¤•à¥‹ à¤ à¤ª à¤•à¤°à¤¨à¥‡ à¤µà¤¾à¤²à¥‡ à¤›à¥‹à¤Ÿà¥‡ à¤›à¥‹à¤Ÿà¥‡ à¤µà¥à¤¯à¤¾à¤ªà¤¾à¤°à¤¿à¤¯à¥‹à¤‚ à¤•à¥‹ à¤¬à¤‚à¤¦ à¤•à¤°à¤¨à¥‡ à¤µà¤¾à¤²à¥‡ d-mart à¤•à¤¾ à¤µà¤¿à¤°à¥‹à¤§ à¤•à¤°à¥‡à¤‚ à¤”à¤° à¤ªà¥à¤°à¤¶à¤¾à¤¸à¤¨ à¤¸à¥‡ à¤…à¤¨à¥à¤°à¥‹à¤§ à¤¹à¥ˆ à¤œà¤¨à¤¤à¤¾ à¤•à¤¾ à¤¸à¤¹à¤¯à¥‹à¤— à¤•à¤°à¥‡à¤‚à¥¤
@INCIndia
 @IYC",,,,,,,
Yash Patel â€¢ àª¯àª¶ àªªàªŸà«‡àª²,@yash_8005,06-04-2021,Gujarati's on the way to D-Mart. #Lockdown,5,47,477,,,,
Our Vadodara,@ourvadodara,06-04-2021,"Even though there is no announcement yet from the Gujarat Government regarding lockdown, people crowded the D-Mart for panic shopping.",3,6,66,,,,
BR Natarajan,@deannattu,06-04-2021,"D-Martâ€™s Radhakishan Damani buys Malabar Hill property for Rs 1,001 crore is status symbol and headlines all over. Prof Natarajan (Dean Nattu) bought a bed spread for Rs 199 at D Mart is mere social media status !!",,,3,,,,
mec,@mercury_vapour,06-04-2021,"Glad I wasn't the only one who thought it was ugly 
 straight outta D-mart lol",1,,1,,,,
moneycontrol,@moneycontrolcom,06-04-2021,"#MCProOpinion |  What makes D-Mart, owned by Avenue Supermarts, a compelling buy despite the recent COVID restrictions? Its growth template and store additions hold the clue, writes Bharat Gianani.

#Earnings #DMart #AvenueSupermarts",,1,8,,,,
GoodReturns.IN,@GoodReturnsIN,06-04-2021,Avenue Supermarts Owned D-Mart Revenue Surges 18% In Q4 YoY,,,1,,,,
PropertyWala.com,@propertiesindia,06-04-2021,HI ITS #2BHK 591 SQFT WALL TO WALL CARPET AREA AND BALCONY 46 SQFT #BhayandarWest NEAR D-MART #Apartment #Flat #ForSale #Thane #Residential #Property,,,,,,,
PropertyWala.com,@propertiesindia,06-04-2021,HI ITS #1BHK READY IN THIS DEC 2021 OR FEB 2022 #BhayandarWest NEAR D-MART AND MAXUS MALL #Apartment #Flat #ForSale #Thane #Residential #Property,,,,,,,
Disha Chauhan,@bloggerdisha,06-04-2021,"Gujju people on the way to D-Mart
#lockdown #lockdown2021",,,1,,,,
Abhishek Kothari,@kothariabhishek,07-04-2021,"Surprisingly, D-mart is shut! Tried ordering online too after seeing shutters, but no delivery slot available for pick up or even home delivery!
This wasnâ€™t the case last year when lockdown was announced.",20,2,50,,,,
Chirag Patel,@ChiragP21659110,07-04-2021,Gujarati's on the way to D-Mart. #Lockdown,,,,,,,
Guru - Medical Translator/Learning à¤®à¤°à¤¾à¤ à¥€ & Cooking,@KamathGurudutt,07-04-2021,"D-Mart queue  was 500 m and perhaps 200 persons long around 10-11 am.

Canara Bank queue bank was some 15 people long. 

Mini lock-down

Good news: Thakur Village Khau Galli has disappeared.
Bad part: Livelihood of these poor people is gone. Hunger for those depending on them.",1,1,9,,,,
G C H,@chandraharshag,07-04-2021,Imagining this entering a D-mart store is soo scary. ,,,,,,,
HelloThere,@Hello_There_All,07-04-2021,Lord Chintu Cashew of D-Mart,,,,,,,
M.Hunain,@MHunain55121452,07-04-2021,Gujarati's on the way to D-Mart. #Lockdown,,,,,,,
Ø³ÛŒØ¯ Ø¹Ù„ÛŒ,@syed_ali_0001,07-04-2021,Karachi on the way to D-Mart. #Lockdown,,,1,,,,
#Umar Waqas (Digital Marketing Director #Pakistan),@mumarwaqaas,07-04-2021,"Gujarati's on the way to D-Mart. #Lockdown 
#lockdown",,,,,,,
"Shah Shabnam
Ø´Ø¨Ù†Ù… Ø´Ø§Û",@Princes_shabnam,08-04-2021,"D-Mart mein jane ke liye bhi covid test karna pad raha hai...
Batao ab 
#DMart",,1,1,,,,
"Shah Shabnam
Ø´Ø¨Ù†Ù… Ø´Ø§Û",@Princes_shabnam,08-04-2021,D-Mart kaise jaun Abb,2,,3,,,,
Sushant Wadte,@SushantWadte,08-04-2021,"à¤‡à¤‚à¤¸à¤¾à¤¨ à¤šà¤¾à¤¹à¥‡ à¤•à¤¿à¤¤à¤¨à¥€ à¤¹à¥€ à¤®à¤¹à¥‡à¤‚à¤—à¥€ à¤—à¤¾à¤¡à¤¼à¥€ à¤–à¤°à¥€à¤¦ à¤²à¥‡, à¤‰à¤¸ à¤—à¤¾à¤¡à¤¼à¥€ à¤®à¥‡à¤‚ à¤Ÿà¤¿à¤¶à¥à¤¯à¥‚ à¤ªà¥‡à¤ªà¤° D-Mart à¤¸à¥‡ à¤¹à¥€ à¤¹à¥‹à¤—à¤¾à¥¤",,,,,,,
Pavan Kumar,@Pavan_Kumar93,08-04-2021,Lord Sheru sajjige of D-Mart ,,,,,,,
Guman Khan,@GumanKhan89,09-04-2021,Queue at D-Mart. People love to wait for a hour to buy something...,,,,,,,
Connor Ferguson,@CFergOnDeck,09-04-2021,"You should open your own superstore called D-Mart 
@dmart9958",,,1,,,,
PALIKA PRASHASAN,@PalikaPrashasan,09-04-2021,"D-Mart à¤¸à¥à¤Ÿà¥‹à¤…à¤°à¤®à¤§à¥‚à¤¨ à¤•à¥‹à¤°à¥‹à¤¨à¤¾à¤šà¤¾ à¤¸à¤‚à¤¸à¤°à¥à¤—?

#dmart #store #corona #covid19 #live #ipl #queue #sprade #mumbaiindians
#news #citynews #newsupdate",,,,,,,
Raghuveer sharma,@Raghuve93029064,09-04-2021,à¤¯à¤¹ à¤•à¥à¤·à¥‡à¤¤à¥à¤° d-mart à¤•à¥€ à¤°à¥‹à¤¡ à¤ªà¥à¤°à¤¿à¤¯à¤‚à¤•à¤¾ à¤¨à¤—à¤° à¤¸à¥‡ à¤¦à¥‡à¤– à¤•à¤° à¤®à¤¾à¤¨à¤¸à¤°à¥‹à¤µà¤° à¤¡à¥‡à¤‚à¤Ÿà¤² à¤•à¥‰à¤²à¥‡à¤œ à¤•à¥€ à¤“à¤° à¤œà¤¾ à¤°à¤¹à¤¾ à¤¹à¥ˆ à¤ªà¤¾à¤¸ à¤®à¥‡à¤‚ à¤¸à¤‚à¤¸à¥à¤•à¤¾à¤° à¤µà¥ˆà¤²à¥€ à¤›à¥‹à¤Ÿà¤¾ à¤¸à¤¾ à¤°à¤¾à¤¸à¥à¤¤à¤¾ à¤¹à¥ˆ à¤¸à¥à¤Ÿà¥‡à¤Ÿ à¤²à¤¾à¤‡à¤Ÿ à¤¨à¤¾à¤® à¤•à¥€ à¤—à¥‹à¤²à¥à¤¡ à¤•à¥€ à¤¨à¤¹à¥€à¤‚ à¤¹à¤œà¤¾à¤°à¥‹à¤‚ à¤²à¥‹à¤— à¤¯à¤¹à¤¾à¤‚ à¤¸à¥‡ à¤¨à¤¿à¤•à¤²à¤¤à¥‡ à¤¹à¥ˆà¤‚ à¤—à¤¾à¤¡à¤¼à¥€ à¤­à¥€ à¤¨à¤¿à¤•à¤²à¤¤à¥€ à¤à¤¸à¥€ à¤…à¤µà¤¸à¥à¤¥à¤¾ à¤°à¤¾à¤œà¤§à¤¾à¤¨à¥€ à¤®à¥‡à¤‚ à¤¹à¥ˆ,,,,,,,
M A N O J,@ManojPadwal01,09-04-2021,"D-mart ya kirana store se mahine bhar ka saman kharid ke laya kya ?
.
.
.
Kya pata b** Govt. 2din ka Weekend #lockdown bolke pura mahina nikal dengi.",1,,1,,,,
Retesh,@_Retesh_Singh,10-04-2021,"It's often said -

""Spend your life with someone who makes even going to the grocery store an adventure""

But it's so difficult to imagine D-Mart as a romantic getaway.

#thoughtoftheday  #India",,,,,,,
SHO KHAMMAM 3 TOWN,@shokmm3town,11-04-2021,Conducted Covid Awareness Program at D-Mart Khammam...,,,4,,,,
Ayush Khandelwal,@ayushk_RMcf,11-04-2021,"D-Mart lal kothi, Jaipur flouting all covid norms every day. Fun fact: opposite building is police headquarters rajasthan. 
Also people of Jaipur are equally responsible for this mess. 
Zoom the photos if required
@1stIndiaNews
 @ndtv
 @jaipur_police
 @RajCMO",1,,,,,,
PropertyWala.com,@propertiesindia,11-04-2021,opposite d-Mart Near beltrodi police station PLOTS COMMERCAIL #ResidentialPlot #Land #ForSale #Beltarodi #Nagpur #Residential #Property,,,,,,,
